Open|High|Low|Volume|Google Trending|Close
135.3|135.98|132.1|-|19|134.21
134.44|147.49|134|-|17|144.54
144|146.93|134.05|-|16|139
139|139.89|107.72|-|20|116.99
116.38|125.6|92.28|-|21|105.21
106.25|108.13|79.1|-|22|97.75
98.1|115|92.5|-|17|112.5
112.9|118.8|107.14|-|17|115.91
115.98|124.66|106.64|-|17|112.3
112.25|113.44|97.7|-|15|111.5
109.6|115.78|109.6|-|14|113.57
113.2|113.46|109.26|-|15|112.67
112.8|122|111.55|-|14|117.2
117.7|118.68|113.01|-|13|115.24
115.64|117.45|113.44|-|13|115
114.82|118.7|114.5|-|15|117.98
117.98|119.8|110.25|-|14|111.5
111.4|115.81|103.5|-|16|114.22
114.22|118.76|112.2|-|15|118.76
118.21|125.3|116.57|-|15|123.02
123.5|125.25|122.3|-|14|123.5
123.21|124.5|119.57|-|16|121.99
122.5|123.62|120.12|-|15|122
122.02|123|121.21|-|13|122.88
122.89|124|122|-|12|123.89
123.8|126.93|123.1|-|11|126.7
126.3|133.85|125.72|-|12|133.2
133.1|133.22|128.9|-|11|131.98
131.99|136|130.62|-|10|133.48
133.5|135.47|124.7|-|11|129.75
129.77|130.58|125.6|-|14|129
129|132.59|127.66|-|15|132.3
132.25|132.25|127|-|13|128.8
128.8|129.9|126.4|-|12|129
128.81|129.78|127.2|-|11|129.3
129.3|129.4|115.05|-|9|122.29
122.5|122.5|116|-|8|122.22
120.74|123.84|119.1|-|8|121.42
121.4|123.47|119.9|-|8|121.65
121.9|123.1|117.25|-|7|118
118.97|119|106.42|-|7|111.5
111|111.42|107.3|-|7|108.3
107.89|108.99|88.5|-|9|100
100.44|110.1|95|-|8|106.35
106.35|109.6|104|-|9|108.9
109|111.79|106.73|-|8|108.15
108.78|110.3|100.53|-|7|104
103.95|104.7|98|-|7|99.98
100|103.7|98|-|7|99.99
99.8|101.6|98.95|-|6|99.51
99.9|102.21|99|-|7|101.7
101.95|111.11|101.03|-|7|107.4
107.05|110.22|105.75|-|7|108.25
108.25|114.3|107.5|-|7|110.15
111.29|114.99|107.69|-|6|109.5
109.5|109.96|107.51|-|7|108.3
108.2|108.8|106.23|-|7|107.6
107.9|108.33|100.98|-|8|102.74
102.09|106.47|101.01|-|8|103.95
103.33|105.49|102.79|-|6|104
104|104|101.1|-|7|101.44
101.74|101.74|92.33|-|7|94.65
94.66|99.99|93|-|7|94.99
95|98.12|94.22|-|9|96.61
97.51|97.66|86.3|-|8|88.05
88.05|92.3|87.51|-|13|90.13
90.41|90.98|76.98|-|9|77.53
78.89|83.11|72|-|8|80.53
79.99|80|65.53|-|8|68.43
68.5|75|66.82|-|7|70.28
68.75|74.56|66.62|-|8|74.56
76.5|80|72.6|-|7|76.52
76|78.3|72.52|-|7|76.69
76.72|87|76.2|-|7|86.76
88|90.28|85.08|-|7|88.98
88.98|104|88.17|-|7|93.59
93.99|98.25|88.06|-|7|98.13
98.7|98.7|92.86|-|6|94.69
93.61|101.9|93.11|-|6|98.4
98.89|99.86|96.14|-|6|97.45
96.71|99.97|96.18|-|6|98.5
98.5|98.8|86.2|-|6|90.58
90.07|95.2|87.8|-|5|92.17
92|93.1|89.27|-|6|89.39
89.82|91.95|88|-|6|90.76
92|92|90.08|-|7|91.61
91.6|96.82|91.6|-|7|95.56
95.56|95.99|93|-|7|94.51
94.5|97.33|93.87|-|7|96.9
96.95|97.47|96|-|6|96.02
96.02|97|93|-|6|94.12
94.4|100.58|94|-|6|99.76
98.6|102.5|98.45|-|6|101.2
101.49|107.99|100.47|-|8|107.99
107.95|111.34|103.88|-|8|106.09
106.21|108|103.01|-|6|104
104.86|108|101.21|-|6|104.5
104.5|105.78|102|-|6|104
104.95|105.95|103.52|-|7|105.14
105.12|107.77|105|-|7|106.22
106.72|107.38|105.56|-|6|106.75
106.75|106.75|106.75|-|6|106.75
106.75|106.75|101.26|-|7|103
103.07|105.75|101.94|-|7|102.8
102.8|103.9|102.41|-|6|103
103|105.19|102.75|-|6|105
105|108|103.5|-|8|106.64
106.99|109.35|104.65|-|8|109
109.56|115|108|-|10|112.56
112.56|113.25|109|-|8|109.99
110|112.3|108.52|-|8|108.99
108.99|113.75|108.22|-|7|113.5
112.75|114.69|112|-|7|113.5
113.38|123.06|111.77|-|9|119
119|123.01|117.51|-|9|121.2
121.21|124.91|119.68|-|9|123.3
123.3|123.5|120.6|-|8|121.15
122|122|118.44|-|7|118.5
118.51|121.39|118.02|-|7|120.05
119.6|122.99|119.17|-|7|122.11
122.11|122.75|119.93|-|7|120.06
120.07|127.24|120.07|-|8|126.5
126.48|127.32|122.62|-|8|122.62
122.62|123.7|122.21|-|7|122.39
122.35|135.75|120.99|-|7|133.49
133.09|140.89|132.72|-|6|135.35
135.14|145.81|134.81|-|6|138.34
138.63|146.5|134.89|-|6|135.85
135.61|138.34|133|-|6|136.77
136.53|144.5|123.61|-|6|126.74
126.76|131.44|121.83|-|6|126.43
126.49|127.34|119.15|-|6|119.15
118.89|125.94|118.46|-|5|124.15
124.13|124.72|120.49|-|6|121.66
121.86|129.06|119.75|-|7|127.11
127.27|129.74|125.9|-|6|125.91
125.89|137.83|123.27|-|6|135.25
135.55|136.08|131.81|-|6|133.13
132.83|137.58|132.27|-|6|134.98
135.01|135.85|128.87|-|5|129.22
129.4|131.44|128.26|-|5|130.37
130.86|132.72|129.77|-|6|131.72
131.59|132.76|124.89|-|6|131.66
131.71|133.2|130.54|-|6|131.47
131.37|131.77|128.45|-|5|129.65
129.7|135.62|126.68|-|7|127.04
126.95|128.61|126.24|-|6|127.43
127.87|133.94|126.59|-|6|129.12
128.98|132.72|125.66|-|6|125.95
126.05|127.46|125.39|-|6|127.25
127.38|129.69|127.33|-|6|128.22
128.21|134.93|127.32|-|6|128.38
128.94|134.74|128.49|-|5|133.78
133.77|135.63|132.56|-|6|134.78
134.9|140.61|134.71|-|5|137.34
137.15|138.35|130.27|-|6|133
132.68|134.63|131.55|-|6|132.18
132.05|133.59|102.25|-|13|114.13
114.45|123.63|111.82|-|21|123.63
123.41|130.09|123.41|-|13|129.01
128.63|130.44|128.03|-|10|128.55
128.36|129.66|126.15|-|9|129
129.43|130.27|126.36|-|9|126.94
126.74|127.47|124.71|-|8|126
125.85|131.75|125.58|-|8|130.69
130.67|131.5|129.26|-|7|130.59
130.75|131.81|129.64|-|7|130.9
130.9|135.66|130.56|-|6|135.19
135.19|138.66|134.55|-|6|138.13
139.27|144.12|138.9|-|7|140.52
140.77|145.39|139.13|-|8|145.24
145.65|152.23|142.43|-|8|142.55
142.41|147.42|142.41|-|7|146.25
146.37|155.96|145.57|-|7|155.96
155.91|177.48|155.7|-|8|172.42
171.66|174.91|168.95|-|8|174.61
174.8|184.82|174.8|-|8|182.21
182.65|196.27|182.65|-|10|193.76
193.36|213.62|192.38|-|10|213.62
214.3|217.42|168.52|-|10|198.23
197.69|198.87|168.5|-|9|186.69
187.45|188.41|175.75|-|11|177.32
176.6|196.44|176.6|-|10|196.44
196.21|198.62|192.06|-|12|198.55
198.55|204.79|198.55|-|25|204.39
204.39|209.16|199.97|-|40|199.97
199.83|205.18|198.85|-|28|204
203.9|206.65|202.13|-|20|206.18
205.81|207.76|201.65|-|16|206.22
205.99|215.05|203.99|-|14|215.05
214.66|231.01|213.94|-|18|229.1
229.21|250.66|226.22|-|18|245.24
244.78|263|244.78|-|22|262.5
261.68|304.17|261.55|-|25|296.41
297.85|338.66|296.93|-|26|338.11
338.58|370.82|319.71|-|26|339.11
348.82|350.7|277.24|-|22|326.62
325.41|351.27|311.78|-|20|342.44
343.06|362.81|342.8|-|21|360.33
360.97|414.05|359.8|-|24|407.37
406.41|425.9|395.19|-|25|420.2
419.41|437.89|396.11|-|26|417.95
417.28|450.26|415.57|-|23|440.22
440.96|500.58|440.24|-|27|492.11
496.58|703.78|494.94|-|58|703.56
712.76|806.11|456.39|-|85|584.61
577.98|599.65|448.45|-|57|590.83
594.32|733.4|577.29|-|45|722.43
724.07|780.85|668.13|-|47|771.44
771.7|844.97|771.7|-|42|797.82
795.63|807.36|722.87|-|38|774.25
773.02|810.68|754.43|-|39|799.11
805.73|928.54|800.8|-|40|928.1
923.85|1001.96|891.68|-|66|1001.96
1003.38|1077.56|962.17|-|100|1031.95
1042.01|1146.97|1000.64|-|89|1131.97
1129.37|1156.14|1106.61|-|69|1129.43
1128.92|1133.08|801.82|-|60|955.85
951.42|1055.42|938.41|-|61|1043.33
1046.4|1096|1011.21|-|54|1078.28
1077.58|1156.12|1070.16|-|50|1151.17
1152.73|1154.36|897.11|-|71|1045.11
1042.38|1042.38|829.45|-|65|829.45
835.32|854.64|640.22|-|69|698.23
697.31|802.51|670.88|-|50|795.87
793.8|921.93|780.9|-|49|893.19
892.32|997.23|892.32|-|46|988.51
989.07|1001.58|834.23|-|44|878.48
882.78|901.94|844.95|-|40|873.26
874.98|941.79|860.05|-|42|892.58
899.85|904.65|858.36|-|35|872.6
875.29|886.16|825|-|37|876.12
880.33|882.25|668.25|-|43|705.97
706.37|754.83|630.88|-|42|682.12
678.2|679.32|420.51|-|76|522.7
519.06|707.23|502.89|-|52|691.96
694.22|729.16|595.33|-|37|625.32
619.9|654.27|579.17|-|35|605.66
601.78|666.74|585.64|-|35|617.18
613.06|680.91|611.04|-|33|673.41
672.36|684.39|645.71|-|31|665.58
666.31|682.7|649.48|-|28|682.21
683.94|777.75|683.94|-|29|761.98
763.28|777.51|713.6|46862700|29|735.07
737.98|747.06|705.35|32505800|28|727.83
728.05|748.61|714.44|19011300|26|745.05
741.35|766.6|740.24|20707700|27|756.13
760.32|760.58|738.17|20897300|26|754.01
754.97|775.35|754.97|22489400|29|771.4
773.44|820.31|767.21|38489500|32|802.39
802.85|834.15|789.12|37810100|35|818.72
823.27|859.51|801.67|38005000|30|859.51
858.55|952.4|854.52|72898500|34|933.53
936.05|1017.12|905.71|85565700|42|953.29
946.49|965.74|802|81311700|39|802
795.99|870.68|776.18|74175600|38|842.72
841.47|864.36|804.14|59998600|38|846.86
846.69|871.19|822.6|31876800|37|868.48
867.32|921.48|861.72|44754200|34|913.95
919.6|928.52|851.17|39623500|32|863.22
860.19|861.29|806.05|45580900|32|841.2
843.17|855.69|825.66|20829800|34|833.27
833.12|872.81|830.86|28107200|35|860.9
860.29|866.16|835.63|19149300|40|835.63
834.49|842.91|797.63|39031700|40|814.64
816.07|841.49|816.07|18052700|30|840
839.66|870.96|825.53|24365700|31|870.96
871.39|886.39|853.87|27652700|36|870.2
869.65|881.2|855.93|18997300|39|863.91
867.21|870.15|837.36|18453700|41|845.59
845.46|851.57|819.32|15607100|37|822.04
822.43|822.43|783.58|34912000|36|797.07
796.24|861.45|792.96|24303900|30|853.61
853.68|897.02|844.86|32224300|30|885.28
884.6|893|757.11|49233600|43|771.39
774.02|832.5|766.98|44875500|47|812.51
809.96|836.87|809.85|17984400|37|826
826.02|830.5|799.06|29918200|31|819.03
818.43|831.87|812.6|17107900|29|829.92
828.61|853.52|827.11|19668700|27|832.58
832.9|844.72|820.67|11300900|28|825.37
824.08|826.48|807.22|13940100|26|823.83
823.77|840.17|820.94|16609700|28|827.96
829.96|837.32|811.91|22395100|28|811.91
815.59|819.81|770.59|50108700|29|781.55
783.2|783.2|654.35|113643000|42|712.4
699.57|721.82|661.87|38742600|32|673.92
671.46|712.27|655.25|39311400|31|682.9
681.32|703.71|550.5|112758000|47|681.03
683.5|712.46|636.66|72745200|44|672.17
672.38|672.9|643.04|25367600|37|651.72
651.08|657.99|601.91|38588100|35|605.24
601.17|691.72|541.04|102506000|43|661.99
660.9|661.84|632.84|26709200|31|650.92
651.3|665.1|584.17|40061700|32|616.63
614.23|656.95|607.31|31948400|31|626.27
627.16|645.76|612.54|20015100|35|626.6
625.97|631.77|618.7|13897800|33|623.03
623.09|627.73|556.14|46905000|38|556.14
556.88|582.96|530.47|47308100|33|574.16
574.24|614.48|558.58|31254000|28|605.42
606.47|639.91|599.7|31434400|26|605.82
606.04|607.61|538.7|57893900|43|546.32
540.24|541.38|420.41|126314000|100|538.71
537.04|603.8|532.58|64642700|73|582.69
581.65|594.05|566.62|25540800|46|578.77
579.7|584.14|545.17|28076100|66|549.26
549.92|573.38|539.29|18668100|49|565.61
567.23|570.48|553.27|7950760|36|559.79
562.56|702.91|560.52|96056900|37|667.76
668.24|696.22|655.68|55344600|37|666.78
666.24|674.28|646.28|22461900|43|665.51
664.52|669.77|649.79|16068100|64|663.86
664.31|665.34|616.35|34150800|76|629.15
629.66|635.14|604.46|18654200|38|617.45
616.31|643.95|612.35|15396500|30|636.96
636.33|644.76|615.02|20639800|30|627.79
627.95|638.42|618.84|11732500|28|634.11
631.91|648.03|629.51|18621200|26|632.1
633.62|644.2|630.85|11634900|24|638.14
638.14|639.53|627.21|11913800|23|628.8
629.37|639.14|627.3|4342080|20|636.12
636.5|637.52|628.11|5277290|19|631.11
630.92|632.68|616.86|14648200|21|622.37
621.84|622.39|603.8|24011500|22|614.83
613.9|622|609.1|14228900|21|609.89
609.75|609.75|587.49|20572900|23|588.77
588.29|604.59|561.81|38414100|29|571.49
571.18|572.55|554.39|17360700|21|565.04
565.76|570.24|560.88|9288400|19|561.27
562.51|586.56|551.77|22706900|21|583.41
585.03|585.44|572.61|14020100|27|583.92
583.48|590.03|570.96|16401100|26|580.83
580.26|580.56|471.24|62225400|25|471.24
477.14|526.02|473.23|58828300|24|495.67
501.71|504.86|489.73|11147100|18|491.17
492.37|492.37|444.18|42958300|21|460.27
462.3|483.02|443.37|28254000|22|457
457|495.34|457|35685800|20|478.38
479.14|495.05|431.27|49647600|20|437.14
436.44|449.56|414.89|40765500|21|444.72
445.66|454.65|429.09|22925500|19|447.53
446.68|463.57|444.2|13404500|16|461.91
463.4|466.32|452.97|10241400|17|460.5
461.47|462.56|445.12|15616600|17|449.42
447.61|457.42|446.11|10921600|17|453.09
453.18|455.73|441.93|13204400|20|442.73
442.26|443.37|358.73|55868300|23|365.18
363.71|429.77|351.27|62562800|22|420.95
420.89|439.61|415.79|19226500|16|421.12
421.46|427.4|395.25|22493500|16|414.06
414.83|469.75|407.37|50730200|17|458.79
458.37|519|453.54|49561000|18|515.59
522.18|542.38|502.78|56480100|21|527.39
529.07|533.52|484.87|34025500|18|495.96
495.8|498.6|472.74|19042400|16|479.64
479.58|503.56|470.56|19588200|16|501.56
501.75|510.87|490.84|12103100|14|498.17
497.74|510.57|493.2|15171400|16|495.77
495.45|503.22|487.58|11670900|15|487.92
488.36|493.25|485.82|9814530|16|491.3
490.82|500.46|482.95|13009400|15|500.46
500.09|500.3|442.95|46856500|16|461.45
461.7|464.54|449.1|12214600|13|458.6
457.24|459.33|436.39|10949500|14|436.39
430.72|447.53|422.94|23876600|15|440.29
439.98|451.64|435.18|16401400|15|447.21
446.89|451.1|436.7|15244900|15|447.64
447.63|460.61|447.63|12871800|15|457.76
457.36|457.93|443.4|10394200|14|449.38
449.4|449.4|430.68|9849640|12|437.76
438.52|439.77|430.05|5621260|13|436.4
434.78|440.97|427.62|10004800|15|433.48
433.36|448.04|423.25|12507300|14|428.96
429.34|446.13|428.45|18332200|14|438.82
438.68|448.4|438.14|9446580|14|440.17
440.18|452.69|440.14|10347900|14|449.46
450.46|455.77|448.47|6682600|12|454.43
453.92|455.34|433.4|12251700|12|438.89
438.3|442.26|434.23|7383770|12|441.46
441.53|441.98|436.97|7682670|13|440.67
440.59|446.66|440.5|9472960|13|443.97
444.14|449.8|443.63|7362980|13|447.25
447.39|450.66|444.96|6475100|14|448.06
448.12|451.98|447.3|2945790|12|448.9
448.7|449.77|444.78|2857830|12|446.26
446.08|447.56|443.1|6242620|13|446.18
446.31|491.44|446.01|40327500|14|485.72
485.8|494.37|483.49|14626000|14|491.77
492.05|525.36|490.19|33086500|15|524.58
525.72|541.96|520.08|34934700|14|520.22
521.05|525.17|516.28|11499300|12|525.14
525.23|576.48|525.23|47010300|15|571.59
571.39|588.39|565.33|29959800|16|583.42
582.59|589.52|554.43|38032000|16|571.24
571.91|578.62|564.09|19289000|17|577.06
576.33|577.1|561.6|18707800|16|568.18
568.18|618.46|568.16|31985400|17|615.33
615.69|624.72|604.47|15107100|15|623.68
623.69|671.51|619.91|45259100|15|630.23
629.64|665.5|618.75|45450200|55|660.62
660.55|674.11|650.78|40653700|63|667.61
666.77|668.56|624.09|37731500|59|641.61
641.07|663.53|640.09|29621300|57|659.26
659.28|661.37|652.3|18680100|49|653.7
653.52|656.94|644.91|15855300|44|654.97
654.99|658.88|653.47|8614190|46|656.14
655.64|657.7|644.39|19065400|46|649.16
650.04|659.62|646.56|17913400|52|653.15
653.19|657.04|632.55|25163800|58|633.02
633.43|638.11|573.27|50818800|64|586.95
585.7|615.14|585.7|35700700|69|600.16
600.75|601.27|549.82|38481200|53|577.36
575.93|592.94|554.89|23580900|52|592.94
592.65|608.72|587.07|28677500|59|592.19
591.59|610.89|590.4|18597300|57|610.86
609.77|615.88|604.4|17862000|56|607.96
608.07|612.24|597.02|12803800|53|598.07
597.4|599.75|587.76|18134100|50|594.15
593.68|599.46|587.74|9256290|41|594.99
595.9|606|594.63|10877700|46|602.27
602.16|603.21|586.34|14053800|45|593.98
593.97|596.97|582.36|14144900|42|582.36
581.81|583.6|565.63|20687700|45|566.34
566.14|581.63|564.73|14655900|43|581.14
581.3|600.12|579.88|20814600|51|597.26
599.08|604.47|595.92|13398100|45|596.55
596.33|604.08|596.16|8897470|44|602.72
602.62|645.15|599.88|46422400|53|639.8
641.39|657.86|640.11|38446300|56|640.81
641.04|656.68|638.34|25768200|56|650.88
650.77|650.77|641.3|18949000|51|645.16
644.65|648.43|629.4|22237200|46|630.69
629.95|633.22|628|9105940|41|631.46
631.77|638.65|631.16|10080000|48|635.81
635.46|637.16|617.01|17813600|52|624.09
622.57|626.7|620.91|10005500|46|624.82
625.22|627|622.6|9819150|44|624.51
624.83|626.12|612.35|15880700|47|616.76
616.66|632.09|615.77|16467100|50|632
631.88|636.66|626.98|13329000|44|633.71
634.22|634.73|624.91|11291000|42|626.5
626.56|627.34|617.32|12706800|43|619.32
620|625.14|619.63|10873200|46|621.59
622.01|623.09|615.33|13182400|56|616.8
616.54|626.29|608.4|16576700|52|623.09
622.37|629.21|620.47|14158100|49|628.78
629.17|629.17|624.6|7222030|51|628.51
628.56|628.56|622.77|5760120|45|623.9
623.95|624.09|619.11|10711900|45|622.21
622.27|624.3|620.96|9602880|49|621.55
621.12|624.43|618.29|11056600|47|619.41
619.5|620.43|595.57|20917200|47|601.73
601.51|607.07|597.23|12279500|44|601.09
601.54|602.09|593.96|10752900|42|595.81
595.67|598.94|593.43|7774230|42|593.85
594.14|594.57|575.18|19316400|48|585.69
585.55|588.38|581.7|11275400|46|584.73
584.74|585.12|564.9|14898800|48|567.29
567.37|586.24|564.51|22467900|49|586.24
586.2|597.92|583.63|18215900|44|594.92
594.9|594.91|586.15|8359080|41|589.33
588.89|589.15|581.65|9917990|42|586.67
586.23|591.95|583.74|9867570|43|588.78
589.01|589.87|584.1|10790800|47|585.44
585.95|587.49|583.1|14497900|53|584.65
584.65|591.1|584.05|11131400|52|588.87
588.88|598.12|588.79|11072000|44|592.58
592.47|592.47|587.63|7922070|42|589.37
589.17|594.46|587.94|7555310|45|591.06
591.28|591.51|574.05|14764200|48|576.37
576.51|576.95|566.6|13978200|50|569.64
570.38|573.03|532.67|25777500|70|546.66
546.18|546.24|498.73|35803900|60|505.97
511.14|518.18|487.93|25598300|59|497.01
497.83|521.48|487.74|22832500|58|519.71
519.14|520.19|483.63|24300900|50|491.8
491.51|499.37|443.85|50783800|60|461.46
461.48|485.71|455.54|38422400|56|485.25
485.07|518.28|467.51|46527600|55|511.98
510.45|531.9|510.45|49444200|50|517.24
517.58|521.48|501.27|36563900|49|514.04
513.39|514.3|492.11|25171900|45|498.07
498.29|512.89|497.35|19441700|42|508.29
508.22|508.22|499.23|18356700|43|502.5
502.54|512.69|502.54|23235100|47|511.57
512.19|520.71|510.92|22648500|43|511.15
510.88|516.16|506.88|19862000|45|507.81
508.43|511.69|503.82|17624800|43|508.52
508.59|509.31|501.64|9424070|43|504.25
502.9|504.88|474.81|44632300|47|477.76
477.79|485.31|471.91|20432000|53|474.88
474.48|482.99|472.32|23337900|51|477.43
476.87|481.71|476.21|13342200|50|477.59
477.68|493.93|477.09|26081400|51|489.66
489.67|490.64|481.61|15302500|49|483.34
483.34|488.6|483|10601400|46|484.83
485.13|488.07|482.28|8994050|43|482.28
481.81|489.83|468.79|30238000|46|474.6
474.88|477.38|467.78|21447800|55|475.26
475.48|487.47|475.14|22787800|62|479.36
479.62|482.35|474.61|16852900|66|479.75
479.58|479.63|473.01|15437200|52|477.75
477.79|482.12|475.1|15588000|43|479
479.12|479.85|476.12|13105500|46|477.89
477.76|478.62|474.02|15345200|50|475.37
474.86|475.64|465.13|16797300|46|466.06
465.86|468.17|452.42|21056800|46|457.33
456.86|456.86|413.1|34483200|50|424.44
424.1|427.83|384.53|37919700|56|394.8
394.67|423.3|389.88|36863600|47|408.9
408.08|412.43|393.18|26580100|47|398.82
399.1|406.92|397.13|24127600|47|402.15
402.09|441.56|396.2|45099500|55|435.79
435.75|436.11|421.13|30627700|60|423.2
423.16|423.52|409.47|26814400|49|411.57
411.43|414.94|400.01|21460800|44|404.43
403.56|406.62|397.37|15029300|42|399.52
399.47|401.02|374.33|23613300|45|377.18
376.93|385.21|372.24|32497700|52|375.47
376.09|390.98|373.44|34707300|52|386.94
387.43|391.38|380.78|26229400|48|383.62
383.99|385.5|372.95|21777700|47|375.07
375.18|377.69|357.86|30901200|50|359.51
359.89|364.49|325.89|47236500|53|328.87
328.92|341.8|289.3|83308100|61|320.51
320.39|345.13|302.56|79011800|67|330.08
330.58|339.25|320.48|49199900|57|336.19
336.12|354.36|327.19|54736300|57|352.94
352.75|382.73|347.69|83641100|55|365.03
364.69|375.07|352.96|43665700|52|361.56
361.36|367.19|355.95|13345200|47|362.3
362.61|379.43|356.14|17552800|45|378.55
377.92|397.23|368.9|35221400|48|390.41
391.69|411.7|391.32|38491500|54|400.87
400.95|402.23|388.77|25267100|51|394.77
394.52|398.81|373.07|26990000|47|382.56
382.76|385.48|375.39|13600700|47|383.76
383.98|395.16|378.97|11416800|44|391.44
391.25|393.94|386.46|5914570|41|389.55
389.23|390.08|378.25|16419000|43|382.85
382.42|392.65|380.83|14188900|45|386.48
386.12|388.58|382.25|11641300|43|383.16
382.96|385.05|356.45|26456900|45|358.42
358.59|364.35|353.31|15585700|44|358.35
358.61|359.86|342.88|18127500|41|347.27
347.49|359.22|343.93|11272500|42|354.7
354.78|358.63|349.81|13033000|41|352.99
353.21|359.98|352.68|7845880|44|357.62
357.09|357.83|335.34|18192700|44|335.59
335.71|350.91|335.07|30177900|43|345.31
345.01|348.05|337.14|12545400|38|338.32
338.65|340.53|321.06|16677200|41|325.75
326.07|329.05|320.63|8603620|40|325.89
325.57|334|325.48|12948500|43|327.55
327.16|331.77|325.08|15655500|42|330.49
330.68|343.37|330.68|19817200|44|339.49
339.46|352.97|338.42|18797000|51|349.29
349.82|352.73|341.78|16834200|48|342.42
342.15|347.03|342.15|8535470|45|345.49
345.38|363.63|344.25|24205600|46|363.26
362.26|374.82|357.56|30450100|53|366.92
365.86|371.31|363.74|15838900|49|367.69
367.99|429.72|367.99|45783200|55|423.56
427.27|457.09|401.12|58945000|60|420.74
418.42|419.25|384.79|29589200|52|397.82
399.65|405.53|371.01|15727500|47|376.13
374.73|390.8|374.6|11905600|46|387.88
388.35|410.2|377.5|41518800|47|387.41
387.79|392.4|371.12|32222500|50|375.2
373.9|386.48|373.9|18931800|46|380.56
380.31|382.02|356.78|25233200|45|357.84
357.88|357.88|344.11|29850100|43|350.85
351.6|364.84|350.88|15273000|42|352.92
353.18|370.85|353.18|15151600|40|367.57
366.95|387.21|366.67|30930100|45|376.9
376.89|394.7|374.78|25442200|43|375.35
376.02|377.7|365.82|18601700|43|368.37
370.5|373.99|368.28|8748030|41|369.67
369.37|382.84|358.45|22946500|40|376.45
376.15|387.6|372.14|15375600|38|375.49
375.51|382.53|373.31|9194440|38|378.05
378.25|383.66|376.67|11763000|42|379.25
379.25|384.04|377.86|12364100|46|381.31
381.72|383.03|374.35|13340100|45|375.01
375.72|378.65|367.76|14529600|44|369.6
369.44|379.19|365.76|15181800|41|376.85
376.76|378.45|370.94|7009320|40|374.79
374.84|376.29|373.27|6491650|44|375.1
374.96|376.03|361.89|18898700|47|361.91
361.89|363.07|344.95|32915500|44|352.22
352.2|352.38|346.37|16427700|45|346.37
344.34|361.36|338.76|32431300|63|350.51
350.83|352.98|349.29|16989800|57|352.54
352.38|352.38|346.59|11675900|48|347.38
346.73|353.32|345.42|12415200|45|351.63
351.36|351.81|344.93|17264200|47|345.35
345.67|345.86|327.06|30864900|54|327.06
326.86|333.95|315.15|37567900|53|319.78
319.79|323.71|304.23|39173000|52|311.4
311.18|318.53|306.77|23823100|44|317.84
317.62|330.32|316.04|20856700|42|329.96
329.54|329.63|318.9|15207600|46|320.84
321.07|334.12|320.43|22315100|45|331.89
332.02|336.29|329.6|16574200|45|334.57
334.38|334.74|321.36|15092300|42|322.53
322.29|322.67|316.96|9883640|44|319.01
319.15|331.42|316.63|16410500|51|327.92
327.58|328.91|312.63|15185200|100|315.86
316.16|320.03|311.08|11676600|44|317.24
317.7|320.27|312.31|12302500|43|312.67
312.72|314.81|309.37|12528300|43|310.74
310.91|320.19|310.21|13942900|45|320.19
320.44|320.44|314|8036550|46|314.25
314.08|315.84|313.56|7860650|55|315.03
314.85|315.15|281.08|33054400|58|281.08
281.15|287.23|257.61|55629100|68|264.19
265.08|278.34|265.08|43962800|64|274.47
274.61|287.55|272.7|23245700|75|286.19
286.08|298.75|283.08|24866800|59|294.34
294.13|294.13|282.18|19982500|55|283.35
282.38|291.11|280.53|18718600|58|290.41
287.3|288.13|273.97|15264300|55|274.8
274.61|279.64|265.04|18200800|53|265.66
266.15|272.2|265.2|18880300|51|267.8
267.39|268.28|219.91|72843900|67|225.86
223.89|223.89|171.51|97638700|100|178.1
176.9|229.07|176.9|81773500|85|209.84
209.07|221.59|199.77|38421000|71|208.1
207.83|211.73|194.88|23469700|60|199.26
200.05|218.69|194.51|30085100|58|210.34
211.47|216.73|207.32|18658300|54|214.86
212.91|215.24|205.15|24051100|57|211.31
211.38|227.79|211.21|29924600|59|226.9
227.32|237.02|226.43|33544600|58|233.41
233.52|234.84|225.2|24621700|56|232.88
232.7|248.21|230.02|24782500|53|247.85
247.35|255.07|243.89|33582700|54|253.72
254.08|309.38|254.08|106794000|76|273.47
273.17|275.48|250.65|44399000|66|263.48
263.35|266.54|227.05|44352200|62|233.91
233.35|238.71|220.71|32213400|60|233.51
232.77|242.85|225.84|26605200|53|226.43
226.44|233.5|216.31|23348200|49|217.46
216.87|231.57|212.01|29128500|52|226.97
226.49|242.18|222.66|30612100|50|238.23
237.45|245.96|224.48|40783700|55|227.27
227.51|230.06|221.11|26594300|52|226.85
227.66|239.41|214.72|22516400|56|217.11
216.92|230.51|216.23|24435300|53|222.27
222.63|230.3|222.61|21604200|60|227.75
227.69|229.44|221.08|17145200|62|223.41
223.39|223.98|217.02|27791300|61|220.11
220.28|221.81|215.33|21115100|61|219.84
219.73|223.41|218.07|17201900|59|219.19
219.21|222.2|217.61|15206200|54|221.76
221.97|240.26|221.26|42744400|53|235.43
235.53|259.81|235.53|49732500|51|257.32
257.51|265.61|227.68|56552400|52|234.82
234.82|239.52|229.02|28153700|55|233.84
233.42|245.78|232.31|27363100|53|243.61
243.78|244.25|232.34|25200800|55|236.33
236.41|242.67|235.59|18270500|57|240.28
240.25|247.1|239.3|23876700|82|243.78
243.75|255.32|243.18|12284200|57|244.53
244.54|246.39|233.85|19527000|55|235.98
236|240.11|232.42|16400000|53|238.89
239|239.9|236.4|14200400|50|238.74
238.89|239.34|235.53|11496200|49|237.47
237.34|237.71|234.26|13619400|49|236.43
236.44|256.65|236.44|44013900|49|253.83
253.52|254.69|249.48|13949300|47|254.26
254.28|261.66|245.93|25213700|47|260.2
260.36|276.3|258.31|40465700|52|275.67
275.05|285.8|268.16|50461300|57|281.7
281.99|284.23|268.13|41383000|53|273.09
272.74|281.67|264.77|41302400|55|276.18
275.6|277.61|270.01|28918900|64|272.72
272.29|277.85|270.13|17825900|65|276.26
276.43|277.86|272.56|22067900|57|274.35
274.81|292.7|273.89|59178200|58|289.61
289.86|300.04|289.74|67770800|60|291.76
291.52|297.39|290.51|33963900|58|296.38
296.13|297.09|292.41|32585200|56|294.35
294.12|294.5|285.34|31421500|57|285.34
284.44|286.34|280.98|22612300|50|281.88
281.43|286.53|281|11970100|50|286.39
285.69|294.11|285.69|21516100|53|290.59
290.6|292.37|284.37|21497200|53|285.5
285.07|285.34|249.87|57008000|57|256.3
255.88|264.24|248.64|52732000|57|260.93
260.96|264.85|259.16|18456700|52|261.75
261.64|262.2|255.65|17130100|48|260.02
259.92|269.75|259.59|18438100|48|267.96
267.89|277.3|261.75|22811900|50|266.74
266.58|267|244.16|40073700|51|245.59
247.47|249.19|236.51|35866900|54|246.2
246.28|254.35|244.91|25730000|48|248.53
248.57|256.81|245.21|17274900|46|247.03
246.97|254.21|246.97|16040900|42|252.8
252.74|253.14|240.85|21699400|44|242.71
242.88|249.24|239.21|23009600|55|247.53
247.45|248.73|242.74|22672000|54|244.22
244.22|247.54|241.16|22877200|51|247.27
247.09|254.46|245.42|26272600|50|253
253.07|256.04|251.88|23146600|51|254.32
254.29|255.26|251.1|12493500|45|253.7
253.76|260.68|251.94|19649200|45|260.6
260.72|261.8|254.57|20034200|49|255.49
255.27|255.81|252.21|18467400|50|253.18
253.06|253.85|244.22|30086400|51|245.02
244.75|246.12|239.4|21643500|49|243.68
243.69|243.69|232.77|28882000|48|236.07
236.02|239.54|234.18|16365200|45|236.55
236.53|237.73|233.5|12387900|44|236.15
235.95|236.94|222|31181800|48|224.59
224.76|224.98|216.32|31719000|53|219.16
219.07|223.83|218.65|22562000|47|223.83
223.92|229.67|223.92|24805400|47|228.57
228.57|228.91|221.94|20429800|43|222.88
222.85|224.32|220.88|12939000|43|223.36
223.46|226.35|222.37|15021500|45|222.6
222.61|226.35|221.98|18364700|46|224.63
224.62|235.27|224.3|24978000|47|235.27
235.6|237.91|233.48|23847900|49|234.18
234.05|236.47|233.2|17036000|50|236.46
235.97|236.31|229.93|21448700|44|231.27
231.24|232.56|226.34|13957200|44|226.39
226.41|226.94|214.87|28943700|46|219.43
219.43|233.31|218.02|38574000|45|229.29
228.97|229.5|223.07|21469200|45|225.85
225.59|227.04|223.43|18936500|47|225.81
225.69|239.56|224.99|33818600|49|236.15
235.94|238.97|232.08|18815300|43|232.08
232.34|235.73|232.34|12535500|41|234.93
234.88|243.24|234.08|18494100|41|240.36
240.36|242.64|237.81|21223400|43|239.02
238.85|239.2|232.05|23929100|43|236.12
236.25|236.45|229.23|29587200|43|229.78
229.66|239.1|228.57|29064400|44|237.33
237.2|246.28|236.27|27445500|46|243.86
243.77|247.8|239.64|19790500|40|241.83
241.73|244.07|238.85|15019100|42|240.3
240.3|244.27|239.38|20892300|44|242.16
242.15|242.88|240.1|19282600|46|241.11
241.4|243.7|235.04|27180100|45|236.38
236.21|237.8|234.06|24413700|53|236.93
236.96|238.75|236.79|16329400|47|237.6
237.64|237.7|235.29|11089700|45|236.15
236.01|238.03|236.01|11134300|46|236.8
236.89|237.21|232.46|16780300|48|233.13
233.04|234.15|231.82|14241900|53|231.95
231.89|234.68|231.84|15499400|50|234.02
234.02|236.24|233.84|15108900|47|235.34
235.32|240.97|235.06|27003000|48|240.35
240.29|241.03|238.69|14605000|45|238.87
238.98|241.98|238.81|11508000|48|240.95
240.93|241.02|236.64|14423900|44|237.11
237.1|238.24|235.69|16425000|47|237.12
237.06|238.64|236.69|18837000|47|237.28
237.26|237.82|236.65|13829600|45|237.41
237.38|237.52|235.73|14805000|48|237.1
237.09|237.09|232.05|14098600|55|233.34
233.13|233.25|229.54|14730800|51|230.19
230.23|231.71|221.3|26090500|48|222.93
222.89|226.42|222.42|20459000|28|225.8
225.74|227.4|223.93|17752400|27|225.87
225.77|226.58|224.05|14728100|29|224.32
224.15|225.97|223.18|18056500|28|224.95
225|225.72|224.38|11131500|27|225.62
225.6|226.19|222.65|13318400|26|222.88
222.88|229.46|222.84|23378400|26|228.49
228.54|230.95|227.93|28353100|27|229.05
229|229.78|228.01|15904800|28|228.8
228.85|230.29|228.77|14416000|26|229.71
229.71|231.06|229.31|14017700|26|229.98
229.92|232.65|229.21|13305300|26|232.4
232.44|234.86|232|12165900|28|233.54
233.42|237.84|233.42|19912100|27|236.82
236.76|251.74|236.12|41612000|32|250.9
250.82|256.85|246.48|43858400|32|249.28
249.43|252.11|244.13|30980200|58|249.01
249.04|250.98|243.79|23965300|33|244.61
244.53|245.83|240.63|20608100|33|245.21
245.1|245.22|241.88|10600900|30|243.94
243.97|247.92|243.78|17692500|28|246.99
246.93|247.3|243.13|15108700|28|244.3
244.28|244.34|240.51|17344900|25|240.51
240.37|243.33|240.37|16133100|32|242.8
242.6|243.75|241.55|13983500|26|243.59
243.55|251.34|243.12|20488600|29|250.99
250.96|251.17|247.43|15137600|28|249.01
248.72|257.17|248.58|34742900|33|257.06
257.04|267.87|255.95|44533800|41|263.07
263.35|265.17|255.77|27029800|38|258.62
258.55|261.63|254.12|21551900|34|255.41
255.46|257.08|253.5|19033800|35|256.34
256.49|261.46|254.2|15620400|34|260.89
260.81|274.51|258.7|44156100|37|271.91
271.11|277.42|267.6|49154800|39|269.03
269.96|271.34|264.83|28857600|36|266.21
265.98|272.97|264.39|36980200|37|270.79
270.83|272.33|267.09|40301200|35|269.23
269.16|294.59|268.8|100390000|38|284.89
284.88|298.51|283.53|41109900|37|293.12
293.14|314.39|292.5|56405000|41|310.87
310.83|310.95|281.01|62053900|38|292.05
292.03|296.15|286.64|28727200|34|287.46
288.05|293.25|285.37|27486600|33|285.83
286.04|291.18|275.24|49482600|34|278.09
278.09|280.28|272.04|27591400|30|279.47
279.33|282.53|274.07|25187100|31|274.9
274.77|275.67|272.51|15332500|32|273.61
273.5|278.98|272.96|22711400|32|278.98
278.88|280.55|275.42|22930700|31|275.83
275.66|277.67|274.38|19389800|31|277.22
277.34|278.11|275.72|18531300|29|276.05
276|289.25|275.25|37199400|31|288.28
288.16|290.73|286|20662200|30|288.7
288.64|293.05|287.71|16032300|34|292.69
292.64|297.77|287.45|30592000|35|293.62
293.63|296.65|293.42|25453600|33|294.43
294.48|294.54|288.78|24672600|32|289.59
289.1|290.13|286.57|21635800|29|287.72
287.7|288.96|282.34|23629100|28|284.65
284.69|284.93|278.11|18995000|46|281.6
280.45|283.03|277.53|17722200|39|282.61
282.81|285.47|280.23|21474100|35|281.23
281.23|285.71|281.23|21908700|34|285.22
284.85|285.5|281.49|20128000|31|281.88
281.91|281.91|278.4|18792100|30|278.58
278.74|280.39|276.37|42484800|30|279.58
279.74|279.93|260.71|58533000|31|261
261.12|267|260.47|23789600|30|265.08
265.48|267.03|262.6|20979400|30|264.47
264.34|270.39|264.09|25433900|30|270.39
270.6|270.67|265.47|26815400|29|266.38
266.18|266.23|262.84|27685500|29|264.08
264.13|267.47|261.48|27091200|28|265.68
265.53|266.67|261.3|19321100|27|261.55
261.87|262.44|257.04|29717000|29|258.51
258.49|260.5|257.12|21617900|29|257.98
257.93|257.99|211.08|42147200|35|211.08
225.67|237.41|222.77|60869200|44|226.68
226.9|237.37|226.9|32275000|36|235.35
235.35|236.43|231.72|23173800|35|232.57
232.66|234.96|222.7|23205900|32|230.39
230.38|232.71|225.58|18406600|33|228.17
228.11|228.14|210.44|59220700|41|210.5
210.07|226.32|199.57|61089200|40|221.61
222.08|231.18|220.2|31808000|35|225.83
226.05|228.64|223.68|21905400|31|224.77
224.7|235.22|220.93|31336600|31|231.4
231.55|233.22|227.33|17142500|29|229.78
229.9|232.07|226.25|19412600|32|228.76
229.11|231.96|225.91|20710700|28|230.06
230.26|231.22|226.86|20575200|30|228.12
228.03|230.58|226.47|18760400|29|229.28
229.32|229.6|226.67|17482000|29|227.18
227.22|230.9|227.05|20962400|28|230.3
230.2|236.14|229.44|20671400|27|235.02
234.87|242.91|234.68|25473700|29|239.84
239.93|242.11|238.72|21192200|28|239.85
239.85|245.78|239.68|26879200|30|243.61
243.41|244.42|237.82|23635700|29|238.17
238.34|241.29|235.79|21215500|29|238.48
238.33|241.17|238.33|19224700|30|240.11
239.85|240.12|234.75|17962600|28|235.23
235.24|235.94|229.33|18478800|27|230.51
230.61|232.44|227.96|20997800|28|230.64
230.49|259.18|229.82|19177800|29|230.3
230.25|231.22|227.4|20144200|29|229.09
229.08|230.28|228.93|18935400|30|229.81
233.52|234.35|232.19|20242200|32|232.97
232.86|233.21|231.09|12712600|28|231.49
231.4|232.37|230.91|14444700|27|231.21
231.22|231.22|226.52|19678800|28|227.09
226.97|232.39|225.12|25009300|32|230.62
230.94|231.84|229.59|17254100|31|230.28
230.36|235.65|230.29|25097800|28|234.53
234.36|237.43|233.68|22363600|29|235.14
235.08|235.4|233.36|13724100|28|234.34
234.14|234.53|232.48|14179900|29|232.76
232.84|239.34|232.47|24713000|28|239.14
239.02|239.8|235.93|22691300|30|236.69
236.64|237.73|235.63|19743500|29|236.06
236|238.44|235.62|20488800|28|237.55
237.26|238.54|236.6|19677900|27|237.29
237.2|239.31|236.94|16482700|27|238.73
238.53|238.97|237.94|12999000|28|238.26
238.15|240.38|237.03|23335900|28|240.38
240.36|246.94|240.14|27535100|31|246.06
246.17|246.68|242.59|22999200|30|242.97
243.07|244.25|242.18|18515300|30|242.3
242.5|244.23|242.12|17353100|27|243.93
243.74|245.32|243.07|15912700|28|244.94
244.74|247.24|244.15|16827300|27|247.05
246.88|247.45|245.18|17388300|29|245.31
245.2|250.24|243.76|28198500|29|249.51
249.49|254.28|248.9|27462600|31|251.99
252.11|255.96|252.05|25223500|28|254.32
254.3|266.13|253.93|35901500|31|262.87
262.75|273.58|262.37|43199600|30|270.64
270.91|271.67|260.78|22434300|30|261.64
261.86|264.82|260.95|25258800|29|263.44
263.57|270.83|263.23|30889800|33|269.46
269.31|270.77|263.84|25637300|32|266.27
266.5|276.51|266.13|37808600|34|274.02
273.65|278.68|273.54|29442500|34|276.5
276.5|281.71|276.5|25942400|30|281.65
281.44|294.06|281.44|45717100|35|283.68
283.63|285.3|280.51|32108800|33|285.3
285.18|296.21|285.01|46331800|35|293.79
293.7|306.33|293.7|50808100|36|304.62
304.32|318.17|301.82|64495900|41|313.86
313.94|334.17|313.94|78305000|45|328.01
328.51|332.78|309.25|48598100|37|314.17
315|327.47|311.88|37001100|42|325.43
325.94|365.36|323.21|101918000|47|361.19
361.87|417.9|357.65|206162000|66|403.42
403.66|495.56|380.55|263900000|87|411.56
408.08|447.56|374.58|151825000|75|386.35
388.05|395.84|354.02|122687000|58|374.47
374.27|390.59|372.43|56625100|46|386.48
384.28|389.89|368.7|51817600|40|373.37
374.32|385.28|362.89|68224400|47|380.26
379.98|381.39|329.11|95797900|45|336.82
339.82|340.58|301|107070000|47|311.08
314.08|345.08|313.36|78477800|41|338.15
338.5|340.91|326.07|52003000|39|336.75
336.62|338.18|329.97|38612000|34|332.91
333.05|334.66|317.49|44213100|35|320.17
319.74|331.63|315.9|47980100|37|330.75
330.36|338.35|329.61|51001600|37|335.09
334.59|336.53|330.64|43783800|37|334.59
334.68|335.33|325.27|45011100|39|326.15
326.41|326.47|312.22|53152900|39|322.02
322.09|328.16|319.6|28200500|35|326.93
326.98|327.01|321.26|23439400|35|324.54
324.35|325.12|321.29|27478900|38|323.05
323.01|323.06|318.12|29362600|36|320.05
320.05|329.13|316.77|41666900|36|328.21
328.3|366.76|328.23|106105000|38|352.68
351.86|363.59|347.87|55179100|34|358.04
357.14|359.54|352.17|36816600|34|357.38
357.47|371.94|355.67|40409300|34|371.29
371.44|382.36|370.38|71701600|38|377.32
377.41|378.93|356.56|60452200|38|362.49
361.85|362.23|349.46|54160500|35|359.19
359.33|370.27|357.41|50714900|36|361.05
361.26|363.52|355.76|35784100|32|363.18
363.72|389.79|363.23|66282200|33|388.95
389.56|402.81|387.09|77762000|37|388.78
389.98|399.97|385.41|63455800|38|395.54
395.75|415.56|389.95|57801400|46|415.56
414.44|423.12|406.29|90917200|100|417.56
417.99|419.51|411.55|52138900|64|415.48
415.28|451.94|415.28|110944000|52|451.94
452.33|469.1|410.74|131969000|48|435
431.66|441.68|426.27|55050600|43|433.75
433.27|447.14|430.46|130496000|44|444.18
443.88|465.32|443.88|83121100|45|465.32
465.21|465.21|443.85|107944000|46|454.93
454.78|457.86|448.86|47978400|43|456.08
455.85|465.18|454.94|60220100|41|463.62
463.55|465.58|456.76|47892700|40|462.32
462.23|462.64|434.34|75409400|38|442.69
442.84|444.73|427.31|77639700|38|438.64
437.44|443.69|435.52|50840400|38|436.57
436.72|444.53|436.62|47161400|40|442.4
443.09|458.46|443.08|57157200|40|454.99
454.86|458.31|452.07|39078500|37|455.65
455.76|457.49|405.76|116166000|40|417.27
416.51|424.01|408.88|53591200|39|422.82
423.34|429.77|418.48|49638600|42|422.28
422.1|432.98|420.63|51596500|39|432.98
433.3|434.39|422.08|46889400|37|426.62
425.88|432.92|418.74|45996600|35|430.57
430.72|436.25|427.51|36278900|30|434.33
434.62|436.06|431.87|30096600|30|433.44
433.58|433.74|424.71|39633800|31|430.01
430.06|434.52|429.08|38477500|33|433.09
433.07|434.18|429.68|34522600|31|431.96
431.86|431.86|426.34|34042500|33|429.11
430.01|458.77|429.08|87562200|38|458.05
457.54|462.93|447.94|56993000|36|453.23
453.38|454.64|446.89|32278000|34|447.61
448.24|448.31|440.35|35995900|30|447.99
448.7|450.66|443.86|40450000|33|448.43
448.18|448.18|435.69|115607000|31|435.69
434.67|435.19|424.44|173888000|33|432.37
432.29|433.32|427.85|43945500|32|430.31
430.25|430.25|364.33|153351000|47|364.33
365.07|390.56|354.91|120352000|48|387.54
387.15|390.96|380.09|45319600|40|382.3
381.73|388.1|376.67|54403900|41|387.17
387.03|387.73|378.97|46819800|37|380.15
379.74|425.27|376.6|121720000|41|420.23
419.63|422.88|406.3|68338000|37|410.26
409.75|410.41|375.28|91546600|34|382.49
382.43|394.54|381.98|56247400|32|387.49
388.1|405.49|387.51|54824800|33|402.97
402.32|402.32|388.55|59062400|32|391.73
392|397.77|390.57|58147000|32|392.15
392.44|396.84|391.78|47424400|32|394.97
395.15|395.5|379.74|59247900|32|380.29
380.11|384.38|365.45|86125300|31|379.47
378.87|380.92|376.49|30284400|29|378.25
378.29|380.35|367.83|37894300|29|368.77
369.35|378.07|367.96|51656700|31|373.06
372.92|375.88|372.92|40378700|30|374.45
374.65|374.95|368.05|45933400|31|369.95
370.17|391.61|369.99|69285500|31|389.59
388.9|391.09|385.57|43825000|28|386.55
386.59|386.63|372.39|49249300|29|376.52
376.51|380.87|374.9|37076300|31|376.62
376.76|379.88|373.33|47671100|29|373.45
373.42|377.25|372.9|55318500|31|376.03
376.15|385.48|375.78|85130900|32|381.65
382.11|383.13|376.4|74375600|32|379.65
379.69|384.95|379.6|67042800|31|384.26
384.64|391.86|384.64|61911700|30|391.86
392.93|407.23|392.93|74469800|32|407.23
407.57|410.38|397.75|74070500|34|400.19
401.43|408.94|401.43|73093100|34|407.49
407.66|421.17|406.78|83193600|35|416.32
416.57|426|415.64|76752600|40|422.37
422.73|423.1|417.6|55711300|34|420.79
421.6|441.98|421.6|93992100|35|437.16
437.77|448.05|429.08|89820700|36|438.8
438.99|439.05|432.92|85385200|33|437.75
438.25|439.86|417.82|85244900|34|420.74
420.96|425.55|413.91|67743700|32|424.95
425.04|427.72|420.42|70798000|33|424.54
424.63|432.15|421.62|61486000|30|432.15
432.84|434.23|428.1|41893600|31|432.52
432.57|435.68|423.82|53033400|31|433.5
433.44|441.51|431.69|60694700|29|437.7
437.92|439.65|432.32|74895800|34|435.12
435.13|435.92|423.99|74955300|32|423.99
423.91|425.37|419.41|100484000|35|421.65
421.84|425.18|410.94|90856100|32|410.94
410.78|411.26|394.04|135385000|32|400.57
400.52|411.91|395.78|91212500|31|407.71
407.76|415.92|406.31|85762400|33|414.32
414.46|416.24|411.09|70311700|31|413.97
413.89|416.03|411.61|70012300|31|414.86
414.74|417.51|413.25|81022900|29|417.13
417.24|423.93|417.01|73969700|30|421.69
421.61|421.8|410.09|92712900|29|411.62
411.65|416.6|411.64|74322800|29|414.06
414.2|416.68|414.2|95259400|32|416.44
416.39|418.13|414.99|66781700|33|416.83
416.89|417.69|415.91|65185800|30|417.01
417.89|421|417.89|83528600|30|420.62
420.55|420.55|406.14|104940000|31|409.55
409.26|410.98|407.23|58423000|26|410.44
410.4|414.63|410.4|45947900|27|413.75
413.42|413.42|410.38|61655400|31|413.31
413.13|418.38|412.53|66813300|31|418.09
418.16|419.27|417.36|61444200|29|418.04
418.42|418.68|415.49|68346700|30|416.39
416.51|418.08|415.56|52560000|29|417.18
417.37|418.99|416.26|44650400|27|417.94
418.14|428.8|417.71|71229400|29|426.76
426.55|426.86|423.29|68522800|32|424.23
424.3|426.2|412.68|75411500|31|416.52
416.83|416.83|412.5|66034100|31|414.82
415.26|418.37|415.26|60215200|30|416.73
416.76|418.17|415.83|51235700|29|417.96
418.42|422.08|418.42|45681200|28|420.87
421.17|421.58|419.7|38053700|29|420.9
421.3|422.34|419.6|50634300|29|421.44
421.02|424.26|420.61|60718000|30|424.03
424.28|424.53|422.73|59091000|30|423.41
423.62|423.66|420.52|57858600|29|422.75
422.91|425.36|419.63|63454700|29|420.35
420.81|420.89|416.51|49792700|27|419.41
419.59|422.44|419.26|73478600|28|421.56
421.87|422.74|420.53|50747500|31|422.48
422.84|427.28|422.84|70728800|30|425.19
425.63|426.66|422.92|69060400|29|423.73
423.94|425.37|423.01|45281000|30|424.28
424.43|429.93|424.43|54801500|29|429.71
429.57|432.63|428.98|39392800|27|430.57
430.64|431.37|426.08|52125900|27|427.4
427.61|429.27|427.09|55670900|27|428.59
428.7|436.02|428.1|52810500|29|435.51
435.32|443.05|434.41|72890100|30|441.39
441.42|450.55|440.95|68204700|32|449.43
449.69|449.81|444.15|58804400|33|445.74
445.86|450.28|444.33|50485400|32|450.28
450.56|460.15|448.93|68198400|33|458.56
459.12|466.62|453.59|87091800|34|461.43
461.65|467.96|461.62|78971900|35|466.09
466.26|467.08|444.13|93564900|34|444.69
445.04|449.55|436.65|74064700|37|449.01
449.41|455.38|446.02|49258500|32|455.1
455.18|455.59|447.7|69322600|31|448.32
448.48|452.48|447.93|40660100|30|451.88
451.93|452.44|441.78|92127000|100|444.67
444.73|451.1|442.62|59366400|62|450.3
450.18|450.38|445.63|50407300|43|446.72
446.71|448.51|445.88|50440800|44|447.98
447.94|461.38|447.07|72796800|40|459.6
459.64|460.68|457.32|38364500|36|458.54
458.43|459.42|455.98|40315000|35|458.55
458.21|462.48|456.53|55493100|38|460.48
460.52|461.93|448.95|58956100|38|450.89
450.86|454.58|450.86|50605200|35|452.73
452.45|454.95|449.25|59849300|34|454.77
454.85|457.06|453.45|60845000|34|455.67
455.82|456.84|454.79|37209000|30|455.67
455.76|458.69|455.46|28514000|31|457.57
457.59|458.2|452.94|59171500|32|454.16
454.01|455.07|453.61|64100300|33|453.78
453.69|456|453.3|86850100|32|454.62
454.52|454.63|438.71|96027400|34|438.71
437.79|444.05|437.39|81987900|31|442.68
442.97|443.78|441.71|42762300|29|443.19
443.22|443.43|439.04|39657600|30|439.32
439.35|444.35|438.82|50582500|32|444.15
444.29|447.1|443.93|65783100|32|445.98
446.06|450.3|446.06|65231000|31|449.6
449.67|453.64|447.9|65203800|32|453.38
453.52|478.15|453.52|164781000|34|473.46
473.03|533.47|472.7|181199000|40|530.04
527.48|553.96|512.18|148737000|45|526.23
528.47|544.35|522.96|87958700|48|533.86
534.19|546.62|520.66|138450000|46|531.39
531.11|543.08|525.64|86061800|42|536.92
536.51|540.35|533.08|60378200|51|537.97
537.68|574.64|536.92|122020000|55|569.19
569.71|590.13|564.24|94925300|55|572.73
573.31|582.81|569.18|68874100|52|574.98
574.6|586.47|574.6|72138900|56|585.54
585.45|590.26|567.51|107770000|55|576.6
577.17|582.84|573.13|80265800|50|581.64
582.2|582.2|570.95|71301000|50|574.63
575.84|579.13|573.33|66991900|49|577.47
578.67|607.12|578.67|82357000|47|606.73
609.68|684.84|607.04|277085000|73|672.78
671.65|716|664.49|243295000|88|704.38
704.5|704.5|662.8|186694000|73|685.56
685.68|696.3|672.56|99223800|62|694.47
696.52|773.72|696.52|271634000|79|766.31
768.49|775.36|716.56|363321000|81|748.91
748.76|777.99|733.93|252718000|70|756.23
756.69|766.62|745.63|136185000|65|763.78
763.93|764.08|732.73|174511000|66|737.23
735.88|735.88|639.07|309944000|77|666.65
665.91|678.67|587.48|266393000|67|596.12
597.44|629.33|558.14|253462000|70|623.98
625.58|681.73|625.27|224317000|100|665.3
665.28|691.73|646.56|126656000|71|665.12
665.93|665.98|616.93|109225000|60|629.37
629.35|655.27|620.52|122134000|64|655.27
658.1|659.25|637.77|138385000|62|647
644.12|644.68|628.28|142456000|59|639.89
640.59|675.4|636.61|138980000|58|673.34
672.51|686.15|669.59|134431000|55|676.3
676.73|703.7|676.4|112354000|52|703.7
704.97|704.97|649.01|129512000|56|658.66
658.8|683.66|650.51|92008400|51|683.66
683.21|683.49|665.07|130476000|53|670.63
670.42|681.9|670.42|134961000|54|677.33
678.09|682.43|611.83|258091000|56|640.56
640.69|666.71|636.47|141970000|57|666.52
666.38|666.38|633.4|180536000|72|650.96
650.6|652.29|641.26|102532000|58|649.36
648.48|659.63|644.98|107910000|55|647.66
648.28|675.26|646.78|138173000|51|664.55
664.8|668.7|654.47|131449000|51|654.47
652.92|662.9|652.92|98511400|47|658.08
659.17|667.08|659.04|81673100|44|663.25
663.78|666.46|659.33|50330200|44|660.77
661.99|682.37|661.99|74407900|44|679.46
679.81|681.55|668.63|69465000|46|673.11
672.74|673.28|667.63|61203300|45|672.86
672.81|672.93|663.36|94636400|44|665.68
665.23|666.22|660.41|60491800|44|665.01
664.92|666.58|646.72|134169000|40|650.62
650.73|656.37|648.52|69532200|39|655.56
655.41|663.11|652.79|118184000|40|661.28
661.26|661.83|653.39|78176500|42|654.1
654.23|656.23|645.88|225135000|44|651.78
651.63|657.46|648.45|147461000|47|654.35
654.49|657.6|654.49|86428400|45|655.03
655.11|657.8|654.79|60703500|44|656.99
657.01|658.22|654.21|38456100|43|655.05
655.1|655.28|624.37|110818000|42|624.68
624.6|626.12|605.88|121887000|46|606.27
606.4|612.85|531.33|330933000|57|547.47
548.66|573.36|541.55|207982000|98|566.36
566.33|579.5|565.78|125292000|65|578.29
578.28|578.28|569.98|66127900|53|575.04
575.03|588.4|569.47|80797300|47|587.78
587.77|597.51|586.82|82398400|48|592.69
592.74|592.99|588.05|61194100|49|591.05
591.04|591.09|584.79|92228100|47|587.8
587.65|599.98|586.37|102905000|44|592.1
592.12|597.54|589.12|74514400|41|589.12
588.8|589.91|583.81|69218000|41|587.56
587.36|589.77|584.98|43563000|37|585.59
585.59|585.67|564.78|60851100|37|570.47
570.49|573.58|563.24|57262300|43|567.24
567.24|581.74|566.72|58405200|42|577.44
577.76|580.89|571.43|54443000|41|573.22
573.71|577.79|573.43|59896600|42|574.32
574.34|578.24|574.18|50631600|39|575.63
576.08|582.82|575.46|45301400|38|581.7
581.94|584.16|580.22|38299400|38|581.31
581.31|588.45|580.59|72844000|41|586.75
586.77|589.47|581.63|85349200|42|583.41
583.41|583.59|579.86|56328200|44|580.18
580.18|580.45|575.17|136130000|43|577.76
577.75|580.62|576.86|48856800|42|579.65
579.45|579.85|568.63|59698300|41|569.95
569.83|574.04|569.74|86301600|42|573.91
574.07|576.28|573.47|110398000|42|574.11
574.11|578.36|574.11|70342400|41|577.5
577.59|577.86|573.64|75840900|40|575.47
575.55|576.31|571.81|76923400|42|572.3
572.41|575.64|570.81|79910800|39|575.54
575.55|599.5|574.06|159014000|41|598.21
598.59|611.84|596.85|97942900|45|608.63
608.99|609.05|602.24|82446800|46|606.59
606.51|610.83|605.09|78529100|43|610.44
610.57|614.54|608.51|75032400|44|614.54
614.63|628.77|613.84|86713000|49|626.32
626.35|626.83|620.26|64550200|46|622.86
622.93|625.1|622.39|45016800|46|623.51
623.42|628.82|600.51|73610800|43|606.72
607|608.46|605.41|72812300|45|608.24
608.02|611.19|606.92|86920600|46|609.24
608.84|611.95|608.41|47877700|42|610.68
610.59|611.09|607.15|59464600|44|607.15
607.25|609.26|606.74|64963400|44|606.97
607.22|607.86|605.19|37140300|41|605.98
606.28|610.16|605.86|48679400|43|609.87
609.87|610.93|608.27|54796400|40|609.23
609.25|609.52|607.94|72710900|44|608.31
603.59|603.59|595.88|82776200|46|597.15
597.28|598.49|596.21|67085300|43|596.3
596.2|603.21|595.79|51067000|42|602.84
602.96|604.58|602.04|35359500|40|602.63
602.75|603.38|599.71|33977800|41|600.83
600.81|608.14|600.35|59153800|44|608.04
608.02|608.25|604.11|49422400|41|606.17
606.24|606.59|604.61|48722600|41|604.73
605.02|606.82|604.85|55658600|42|605.69
605.72|609.74|604.14|56122400|42|609.74
609.93|615.24|609.93|56357000|40|613.98
613.95|614|609.68|39249800|39|610.89
610.97|612.57|610.46|46798300|42|612.13
612.05|612.05|609.48|49801600|43|610.2
610.22|613.81|609.62|68077500|43|612.51
612.47|613.82|611.47|56812100|42|613.02
612.61|617.91|611.82|64071400|43|617.12
617.34|619.85|617.34|42345900|42|619.11
619.17|619.2|616.61|39243400|42|616.75
616.82|621.32|616.2|67481100|43|618.99
619.24|642.08|618.5|103590000|48|641.07
640.87|641.34|635.97|92370200|50|636.19
636.03|638.83|635.03|61620700|46|636.79
637.01|641.28|637.01|58144600|45|640.38
640.31|642.1|637.39|39035400|45|638.65
639.08|642.9|638.9|40298100|41|641.63
641.82|642.33|638.66|58063600|46|639.19
639.41|640.74|636|65546700|46|637.96
638.13|638.87|628.01|69381700|44|630.52
630.66|631.92|628.26|56957300|43|630.86
630.83|634.09|630.69|55951000|40|632.83
633.14|658.2|632.85|78556500|43|657.29
657.62|661.13|653.89|54474600|45|657.07
657.16|657.25|652.6|62218200|45|653.76
654|664.42|653.7|90378800|47|657.59
657.68|679.73|657.68|88877100|50|678.3
678.21|688.59|678.04|96105300|53|688.31
688|690.44|684.16|81145500|57|689.65
690.29|720.4|690.05|134761000|63|714.48
714.12|714.12|696.48|100665000|54|701.86
702.64|709.29|691.68|97064400|53|700.97
701.34|736.45|701.34|130527000|60|729.79
730.07|740.83|722.35|84865200|55|740.83
742.35|745.77|678.16|172808000|58|688.7
689.12|706.93|685.56|99907700|55|703.24
703.52|707.51|697.74|53752300|56|703.42
703.81|714.26|699.56|59902200|53|711.52
710.74|710.74|699.9|65047100|52|703.13
703.09|712.99|702.39|79660800|51|709.85
709.83|740.05|708.61|132429000|73|723.27
722.84|723.02|711.21|68807800|57|715.53
715.55|718.32|714.41|63119700|50|716.41
716.75|717.15|704.03|64622500|52|705.05
705.2|705.26|687.32|80318100|50|702.03
702|706.28|699.81|62993000|54|705.02
705.79|715.72|705.26|72038500|54|711.62
711.17|747.62|709.04|141294000|55|744.2
744.88|755.64|739.51|108579000|59|740.98
740.71|752.88|736.89|87363100|56|751.59
751.83|756.24|744.47|110608000|55|751.62
751.88|755.48|717.94|154116000|57|731.03
731.26|741.72|730.51|60802400|53|739.25
739.64|753.87|736.53|129906000|58|751.35
751.74|752.25|738.92|76543800|56|744.59
744.62|746.83|733.49|85919300|56|740.29
740.44|741.65|734.59|67807600|54|741.65
741.51|742.21|729.63|54962700|50|735.38
735.44|739.02|731.09|52601800|52|732.03
732.48|738.01|732.48|61888600|56|735.81
736.33|737.47|734.56|68511100|58|735.6
736.28|747.93|736.26|84070800|55|745.69
746.05|758.27|746.05|80461900|56|756.77
757.54|781.3|757.54|127605000|60|777.94
778.25|778.25|764.86|69547300|54|771.15
771.64|773.87|768.16|60557900|52|773.87
773.39|773.47|751.71|106363000|58|758.7
758.72|765.62|758.72|116218000|57|764.22
764.21|771.54|759.75|96426100|57|768.13
768.08|774.7|765.95|80111900|58|770.81
769.94|774.53|769.65|68705300|55|772.79
773.02|777.09|772.91|53843100|53|774.65
774.75|774.8|765.41|57313400|51|769.73
770.04|781.92|770.04|76571000|55|780.09
780.65|788.46|777.96|81645600|58|780.56
780|782.03|776.84|75979000|54|781.48
780.07|781.43|777.8|81580100|54|778.09
778.96|785.03|778.96|83608200|54|784.91
785.17|792.51|784.86|78989800|54|790.83
791.01|794.74|788.03|60524400|52|790.53
790.69|793.61|790.32|74886400|56|792.71
792.25|801.34|791.5|99629300|58|800.88
800.64|834.28|799.4|155576000|69|834.28
834.18|875.78|834.15|200027000|84|864.54
864.89|925.12|864.68|275564000|94|921.98
922.18|923.48|886.34|137727000|79|898.82
899.65|899.65|862.42|143665000|72|896.18
896.9|913.18|896.9|123771000|71|907.61
908.35|940.05|904.25|167308000|79|933.2
934.83|975.92|934.83|236630000|90|975.92
975.13|979.4|954.5|199320000|89|973.5
972.53|972.53|934.83|187474000|81|961.24
960.63|963.74|947.24|99135100|70|963.74
963.66|1003.08|958.7|147775000|16|998.33
998.62|1031.39|996.7|222185000|26|1021.75
1021.6|1044.08|1021.6|185168000|24|1043.84
1044.4|1159.42|1044.4|344946000|29|1154.73
1156.73|1191.1|910.42|510199000|34|1013.38
1014.24|1046.81|883.94|351876000|29|902.2
903.49|908.59|823.56|279550000|25|908.59
908.17|942.72|887.25|158715000|22|911.2
913.24|913.69|879.81|141877000|21|902.83
902.44|914.87|901.06|115808000|20|907.68
908.12|919.45|762.76|310929000|22|777.76
775.18|826.25|755.76|222326000|23|804.83
803.74|829|780|168968000|19|823.98
825.14|835.09|812.46|93063300|18|818.41
818.14|823.31|812.87|71013600|16|821.8
821.78|834.53|820.27|82755200|16|831.53
830.95|910.56|830.8|155095000|17|907.94
909.37|917.5|858.3|225677000|17|886.62
888.34|904.61|884.34|105625000|16|899.07
898.17|899.4|887.01|86728400|15|895.03
895.55|927.37|895.53|111158000|15|921.79
922.21|937.52|897.56|116573000|15|924.67
925.5|928.27|916.74|73588600|15|921.01
910.68|924.14|892.29|111349000|15|892.69
891.92|903.25|891.69|120831000|16|901.54
902.39|919.33|902.22|131958000|15|917.59
918.36|923.22|915.85|125594000|15|919.75
919.81|923.91|919.81|68979600|15|921.59
922.07|923.42|919.15|60851700|14|919.5
920.15|923.05|919.47|78227300|14|920.38
920.96|972.02|920.96|164582000|16|970.4
970.94|989.11|970.74|150110000|16|989.02
990|1013.52|983.22|145821000|17|1011.8
1011.46|1033.87|1008.79|201278000|17|1029.91
1031.33|1045.9|1015.16|155064000|16|1042.9
1043.52|1043.63|1022.37|114208000|15|1027.34
1028.4|1044.64|1028.16|111762000|16|1038.15
1040.14|1061.93|1040.14|146007000|16|1061.35
1062.32|1078.97|1037.49|201855000|17|1063.07
1064.7|1088.99|953.34|407220000|19|994.38
995.63|998.9|946.69|190452000|17|988.67
988.9|1009.29|982.83|102261000|16|1004.45
1003.52|1004.76|996.92|67530000|15|999.18
998.88|1002.1|976|100607000|15|990.64
991.74|1011.51|986.47|137946000|15|1004.55
1006.21|1008.84|1001.58|89759400|15|1007.48
1007.65|1033.37|1007.65|122277000|15|1027.44
1026.12|1053.17|1025.64|136474000|16|1046.21
1049.21|1061.1|1046.96|99073500|16|1054.42
1054.76|1056.81|1043.46|77423300|14|1047.87
1048.69|1080.49|1041.69|109478000|16|1079.98
1079.28|1117.25|1076.93|186869000|18|1115.3
1114.8|1125.39|1100.55|136100000|18|1117.44
1117.27|1176.62|1116.96|189454000|20|1166.72
1172.71|1200.39|1131.96|330759000|24|1173.68
1170.41|1174.85|1124.59|139961000|19|1143.84
1144.27|1167.47|1130.2|116486000|17|1165.2
1163.78|1181.98|1163.38|131570000|19|1179.97
1180.72|1193.25|1171.82|184956000|19|1179.97
1180.04|1222.5|1179.69|229057000|19|1222.5
1224.68|1262.13|1215.62|368275000|23|1251.01
1250.71|1280.31|1250.71|315739000|31|1274.99
1277.43|1279.4|1230.51|183270000|25|1255.15
1254.29|1267.29|1238.06|134127000|20|1267.12
1267.47|1276|1264.6|153657000|22|1272.83
1273.21|1275.55|1204.8|291256000|23|1223.54
1223.23|1232.16|1148.08|332603000|25|1150
1150.35|1197.46|1141.23|212283000|23|1188.49
1189.36|1270.47|1077.25|563796000|32|1116.72
1116.32|1193.83|1116.32|283320000|26|1175.83
1176.62|1226.98|1175.36|227176000|20|1221.38
1221.78|1237.37|1217.03|380277000|21|1231.92
1232.16|1244.81|1220.72|245306000|19|1240
1240.16|1251.61|1239.75|297805000|19|1249.61
1251.33|1257.98|1152.44|638568000|20|1187.81
1180.16|1180.16|1099.57|706599000|21|1100.23
1099.69|1114.07|957.65|621302000|24|973.82
976.73|1069.91|976.73|406648000|22|1036.74
1037.24|1063.03|1036.68|286530000|21|1054.23
1055.36|1122.43|1055.36|337391000|20|1120.54
1120.65|1120.65|1014.21|380841000|20|1049.14
1050.05|1058.01|1028.93|248540000|19|1038.59
1038.45|1040.47|934.36|491038000|20|937.52
936.54|975.76|903.71|435803000|21|972.78
974.01|1007.96|954.19|303668000|18|966.73
972.05|1046.4|971.98|372535000|19|1045.77
1044.58|1064.65|1027.73|326332000|19|1047.15
1046.08|1055.13|1015.88|298458000|18|1039.97
1042.21|1049.29|1020.04|352969000|17|1026.43
1026.64|1074.92|1026.64|447287000|17|1071.79
1071.71|1091.72|1061.09|289634000|17|1080.5
1080.61|1107.59|1075.45|514187000|17|1102.17
1102.95|1151.74|1102.95|580444000|18|1143.81
1145.52|1156.44|1120.52|436310000|18|1133.25
1134.14|1135.09|1113.63|414784000|17|1124.78
1125.81|1188.37|1125.81|511222000|17|1182.68
1178.94|1186.58|1163.39|317022000|17|1176.9
1172.65|1184.98|1162.58|209312000|17|1175.95
1176.57|1197.21|1171.86|242343000|17|1187.87
1187.3|1190.34|1179.04|215883000|17|1187.13
1187.46|1208.07|1187.46|216182000|19|1205.01
1204.81|1207.14|1196.76|288702000|18|1200.37
1201.02|1205.89|1156.44|351969000|18|1169.28
1170.33|1190.8|1159.79|254827000|17|1167.54
1167.3|1188|1164.96|203559000|15|1172.52
1172.61|1187.22|1172.61|183231000|16|1182.94
1183.25|1194.9|1172.65|253206000|17|1193.91
1193.77|1217.57|1193.77|270524000|19|1211.67
1212.13|1215.51|1205.08|288061000|17|1210.29
1211.08|1240.79|1208.41|315108000|17|1229.08
1229.42|1235.94|1215.56|272167000|17|1222.05
1222.71|1235.56|1208.47|249320000|17|1231.71
1231.92|1232.2|1203.94|258951000|16|1207.21
1209.63|1250.94|1209.63|235806000|17|1250.15
1250.45|1267.58|1249.97|242556000|19|1265.49
1265.99|1294.83|1265.93|329631000|20|1281.08
1281.88|1319.7|1281.3|449197000|21|1317.73
1317.74|1331.28|1292.37|527489000|20|1316.48
1317.84|1327.2|1315.21|422706000|18|1321.79
1321.87|1347.91|1314.92|413115000|18|1347.89
1348.3|1434.32|1348.3|713624000|23|1421.6
1421.03|1473.9|1415.69|477338000|25|1452.82
1453.78|1492.77|1447.49|583796000|26|1490.09
1490.72|1608.91|1490.72|933549000|33|1537.67
1540.87|1618.03|1530.31|946036000|31|1555.45
1556.81|1578.8|1542.5|582530000|25|1578.8
1579.47|1596.72|1559.76|1080030000|24|1596.71
1596.92|1723.35|1596.92|1340320000|28|1723.35
1723.89|1833.49|1716.3|1167920000|37|1755.36
1756.52|1788.44|1719.1|915723000|33|1787.13
1780.37|1873.93|1755.35|799490000|37|1848.57
1845.76|1856.15|1694.01|740984000|43|1724.24
1723.12|1812.99|1651.08|579635000|44|1804.91
1800.86|1831.42|1776.62|437196000|37|1808.91
1808.44|1812.8|1708.54|731529000|53|1738.43
1741.7|1785.94|1686.54|959045000|47|1734.45
1726.73|1864.05|1661.91|1064730000|39|1839.09
1818.7|1904.48|1807.12|894321000|36|1888.65
1897.37|2004.52|1890.25|1157290000|40|1987.71
1984.24|2084.73|1974.92|961336000|39|2084.73
2067.03|2119.08|2037.5|1147860000|41|2041.2
2043.19|2303.9|2017.87|1942220000|65|2173.4
2191.56|2320.82|2178.5|1378750000|68|2320.42
2321.37|2523.72|2321.37|1725380000|75|2443.64
2446.24|2763.71|2285.3|2406700000|100|2304.98
2320.89|2573.79|2071.99|1763480000|77|2202.42
2196.27|2260.2|1855.83|1700480000|65|2038.87
2054.08|2267.34|2054.08|1147140000|52|2155.8
2159.43|2307.05|2107.17|994625000|49|2255.61
2255.36|2301.96|2124.57|1443970000|49|2175.47
2187.19|2311.08|2145.57|1544830000|46|2286.41
2288.33|2448.39|2288.33|1653180000|45|2407.88
2404.03|2488.55|2373.32|1317030000|28|2488.55
2493.72|2581.91|2423.57|1514950000|26|2515.35
2547.79|2585.89|2452.54|1355120000|25|2511.81
2512.4|2686.81|2510.22|1369310000|28|2686.81
2690.84|2999.91|2690.84|2089610000|39|2863.2
2869.38|2869.38|2700.56|1517710000|35|2732.16
2720.49|2815.3|2670.95|1281170000|30|2805.62
2807.44|2901.71|2795.62|1348950000|29|2823.81
2828.14|2950.99|2746.55|2018890000|28|2947.71
2942.41|2996.6|2840.53|1752400000|29|2958.11
2953.22|2997.26|2518.56|2569530000|38|2659.63
2680.91|2789.04|2650.38|1781200000|33|2717.02
2716.88|2786.83|2412.94|1696560000|32|2506.37
2499.58|2534.71|2212.96|2026260000|38|2464.58
2469.57|2539.92|2385.15|1195190000|32|2518.56
2514.01|2685.19|2484.96|1534510000|27|2655.88
2655.35|2662.1|2516.33|1178660000|25|2548.29
2549.03|2662.85|2549.03|1446840000|26|2589.6
2591.26|2763.45|2589.82|1854190000|28|2721.79
2709.43|2772.01|2660.4|1626580000|29|2689.1
2691.03|2723.74|2642.36|1097940000|28|2705.41
2707.34|2765.17|2706.37|961319000|27|2744.91
2738.52|2757.94|2583.19|982750000|25|2608.72
2607.25|2682.26|2552.12|1161100000|25|2589.41
2590.57|2615.25|2376.29|1663280000|30|2478.45
2478.45|2552.45|2332.99|1489790000|34|2552.45
2553.03|2603.98|2484.42|1183870000|33|2574.79
2567.56|2588.83|2510.48|949979000|27|2539.32
2539.24|2559.25|2478.43|860273000|23|2480.84
2492.6|2515.27|2419.23|779914000|22|2434.55
2436.4|2514.28|2394.84|803747000|23|2506.47
2498.56|2595|2480.47|964112000|23|2564.06
2561|2631.59|2559.35|985516000|23|2601.64
2602.87|2622.65|2538.55|941566000|23|2601.99
2608.1|2616.72|2581.69|761957000|23|2608.56
2608.59|2916.14|2498.87|917412000|23|2518.66
2520.27|2571.34|2492.31|733330000|21|2571.34
2572.61|2635.49|2517.59|527856000|22|2518.44
2525.25|2537.16|2321.13|1111200000|25|2372.56
2385.89|2413.47|2296.81|1329760000|28|2337.79
2332.77|2423.71|2275.14|1117410000|27|2398.84
2402.7|2425.22|2340.83|835770000|25|2357.9
2360.59|2363.25|2183.22|882503000|25|2233.34
2230.12|2231.14|1990.41|993608000|28|1998.86
1991.98|2058.77|1843.03|1182870000|32|1929.82
1932.62|2230.49|1932.62|1201760000|30|2228.41
2233.52|2387.61|2164.77|1512450000|30|2318.88
2323.08|2397.17|2260.23|1245100000|28|2273.43
2269.89|2900.7|2269.89|2249260000|31|2817.6
2838.41|2838.41|2621.85|1489450000|30|2667.76
2668.63|2862.42|2657.71|1177130000|27|2810.12
2808.1|2832.18|2653.94|1072840000|26|2730.4
2732.7|2777.26|2699.19|866474000|26|2754.86
2757.5|2768.08|2480.96|1460090000|28|2576.48
2577.77|2610.76|2450.8|937404000|28|2529.45
2538.71|2693.32|2529.34|789104000|27|2671.78
2679.73|2897.45|2679.73|1380100000|30|2809.01
2807.02|2808.76|2692.8|803746000|25|2726.45
2724.39|2758.53|2644.85|705943000|24|2757.18
2763.24|2889.62|2720.61|860575000|31|2875.34
2871.3|2921.35|2685.61|1324670000|54|2718.26
2727.13|2762.53|2668.59|1094950000|48|2710.67
2709.56|2813.31|2685.14|804797000|33|2804.73
2806.93|2899.33|2743.72|1002120000|30|2895.89
2897.63|3290.01|2874.83|1945700000|39|3252.91
3257.61|3293.29|3155.6|1105030000|32|3213.94
3212.78|3397.68|3180.89|1482280000|38|3378.94
3370.22|3484.85|3345.83|1752760000|40|3419.94
3420.4|3422.76|3247.67|1468960000|35|3342.47
3341.84|3453.45|3319.47|1515110000|33|3381.28
3373.82|3679.72|3372.12|2021190000|36|3650.62
3650.63|3949.92|3613.7|2219590000|41|3884.71
3880.04|4208.39|3857.8|3159090000|52|4073.26
4066.1|4325.13|3989.16|2463090000|57|4325.13
4326.99|4455.97|3906.18|3258050000|57|4181.93
4200.34|4381.23|3994.42|2272040000|48|4376.63
4384.44|4484.7|4243.71|2553360000|46|4331.69
4324.34|4370.13|4015.4|2941710000|47|4160.62
4137.75|4243.26|3970.55|2975820000|44|4193.7
4189.31|4196.29|4069.88|2109770000|40|4087.66
4090.48|4109.14|3988.6|2800890000|40|4001.74
3998.35|4128.76|3674.58|3764240000|45|4100.52
4089.01|4255.78|4078.41|2369820000|41|4151.52
4137.6|4376.39|4130.26|2037750000|39|4334.68
4332.82|4455.7|4307.35|1727970000|41|4371.6
4372.06|4379.28|4269.52|1511610000|36|4352.4
4345.1|4416.59|4317.29|1537460000|32|4382.88
4384.45|4403.93|4224.64|1959330000|35|4382.66
4389.21|4625.68|4352.13|2486080000|42|4579.02
4570.36|4626.52|4471.41|1937850000|44|4565.3
4555.59|4736.05|4549.4|1944930000|47|4703.39
4701.76|4892.01|4678.53|2599080000|50|4892.01
4901.42|4975.04|4469.24|2722140000|48|4578.77
4585.27|4714.08|4417.59|1933190000|42|4582.96
4591.63|4591.63|4108.4|2987330000|52|4236.31
4228.29|4427.84|3998.11|2697970000|53|4376.53
4376.59|4617.25|4376.59|2172100000|45|4597.12
4589.14|4655.04|4491.33|1844620000|42|4599.88
4605.16|4661|4075.18|2700890000|45|4228.75
4229.81|4308.82|4114.11|1386230000|37|4226.06
4229.34|4245.44|3951.04|1679090000|36|4122.94
4122.47|4261.67|4099.4|1557330000|41|4161.27
4168.88|4344.65|4085.22|1864530000|41|4130.81
4131.98|4131.98|3789.92|2219410000|56|3882.59
3875.37|3920.6|3153.86|2716310000|68|3154.95
3166.3|3733.45|2946.62|4148070000|75|3637.52
3637.75|3808.84|3487.79|1818400000|50|3625.04
3606.28|3664.81|3445.64|1239150000|39|3582.88
3591.09|4079.23|3591.09|1943210000|47|4065.2
4073.79|4094.07|3868.87|1563980000|43|3924.97
3916.36|4031.39|3857.73|1213830000|39|3905.95
3901.47|3916.42|3613.63|1411480000|39|3631.04
3628.02|3758.27|3553.53|1194830000|36|3630.7
3629.92|3819.21|3594.58|928114000|30|3792.4
3796.15|3796.15|3666.9|768015000|29|3682.84
3681.58|3950.25|3681.58|1374210000|33|3926.07
3928.41|3969.89|3869.9|1043740000|31|3892.35
3892.94|4210.05|3884.82|1686880000|34|4200.67
4197.13|4279.31|4109.7|1712320000|33|4174.73
4171.62|4214.63|4039.29|1367050000|32|4163.07
4166.11|4358.43|4160.86|1207450000|30|4338.71
4341.05|4403.74|4269.81|1208210000|30|4403.74
4395.81|4470.23|4377.46|1431730000|34|4409.32
4408.46|4432.47|4258.89|1288020000|33|4317.48
4319.37|4352.31|4210.42|1116770000|32|4229.36
4229.88|4362.64|4164.05|1161770000|31|4328.41
4324.46|4413.27|4320.53|1069940000|30|4370.81
4369.35|4443.88|4321.05|906928000|28|4426.89
4429.67|4624.14|4405.64|1313870000|31|4610.48
4614.52|4878.71|4564.25|1968740000|38|4772.02
4776.21|4922.17|4765.1|1597140000|39|4781.99
4789.25|4873.73|4751.63|1222280000|37|4826.48
4829.58|5446.91|4822|2791610000|62|5446.91
5464.16|5840.3|5436.85|3615480000|75|5647.21
5643.53|5837.7|5591.64|1669030000|51|5831.79
5835.96|5852.48|5478.61|1976040000|48|5678.19
5687.57|5776.23|5544.21|2008070000|48|5725.59
5741.58|5800.35|5472.72|1821570000|46|5605.51
5603.82|5603.82|5151.44|2399270000|47|5590.69
5583.74|5744.35|5531.06|1780540000|45|5708.52
5708.11|6060.11|5627.23|2354430000|53|6011.45
5996.79|6194.88|5965.07|2207100000|60|6031.6
6036.66|6076.26|5792.34|2034630000|49|6008.42
6006|6075.59|5732.47|2401840000|57|5930.32
5935.52|5935.52|5504.18|2735700000|61|5526.64
5524.6|5754.33|5397.88|1966990000|55|5750.8
5747.95|5976.8|5721.22|1905040000|53|5904.83
5899.74|5988.39|5728.82|1710130000|46|5780.9
5787.82|5876.72|5689.19|1403920000|40|5753.09
5754.44|6255.71|5724.58|2859040000|43|6153.85
6114.85|6214.99|6040.85|1772150000|51|6130.53
6132.02|6470.43|6103.33|2311380000|60|6468.4
6440.97|6767.31|6377.88|2870320000|74|6767.31
6777.77|7367.33|6758.72|4653770000|99|7078.5
7087.53|7461.29|7002.94|3369860000|88|7207.76
7164.48|7492.86|7031.28|2483800000|68|7379.95
7404.52|7617.48|7333.19|2380410000|67|7407.41
7403.22|7445.77|7007.31|3111900000|72|7022.76
7023.1|7253.32|7023.1|2326340000|68|7144.38
7141.38|7776.42|7114.02|4602200000|74|7459.69
7446.83|7446.83|7101.52|3226250000|69|7143.58
7173.73|7312|6436.87|5208250000|82|6618.14
6618.61|6873.15|6204.22|4908680000|80|6357.6
6295.45|6625.05|5519.01|8957350000|100|5950.07
5938.25|6811.19|5844.29|6263250000|90|6559.49
6561.48|6764.98|6461.75|3197110000|69|6635.75
6634.76|7342.25|6634.76|4200880000|69|7315.54
7323.24|7967.38|7176.58|5123810000|73|7871.69
7853.57|8004.59|7561.09|4651670000|82|7708.99
7697.21|7884.99|7463.44|3667190000|63|7790.15
7766.03|8101.91|7694.1|3149320000|59|8036.49
8039.07|8336.86|7949.36|3488450000|77|8200.64
8205.74|8348.66|7762.71|4277610000|82|8071.26
8077.95|8302.26|8075.47|3633530000|72|8253.55
8232.38|8267.4|8038.77|4225180000|65|8038.77
8074.02|8374.16|7940.93|5058610000|63|8253.69
8241.71|8790.92|8191.15|4342060000|68|8790.92
